Workbook

Sheet Estimativa
R1: Caminhão | T1: Container
C2: ITEM | D2: Qtd | E2: Qtd/m3 | F2: Vol (m3) | I2: ITEM | J2: Qtd | K2: Qtd/m3 | L2: Vol (m3) | Q2: VOLUME TOTAL (M3) | R2: =F19+F28+L6+L18+L39 -> 0 | T2: =R2 -> 0
B3: GÔNDOLAS | C3: APARADOR ACRÍLICO | E3: 1092 | F3: =(D3/E3) -> 0 | H3: RACK SLIM | I3: MONTANTE RACK SLIM | K3: 10 | L3: =J3/K3 -> 0 | Q3: MTS DE CARROCERIA | R3: =R2*12/60 -> 0 | T3: =T2*12/45 -> 0
C4: BASE | E4: 124 | F4: =(D4/E4) -> 0 | I4: OUTROS | Q4: MTS DE CARROCERIA +10% (NVIA) | R4: =R3*110% -> 0 | T4: =T3*110% -> 0
C5: COLUNA | E5: 300 | F5: =(D5/E5) -> 0 | I5: TOTAL | L5: =L3+L4 -> 0 | Q5: MTS DE CARROCERIA +20% (VENDA) | R5: =R3*120% -> 0 | T5: =T3*120% -> 0
C6: CONJUNTO FUNDO | E6: =120/5 -> 24 | F6: =(D6/E6) -> 0 | I6: TOTAL AJUSTADO | L6: =L5*'Fatores de Ajuste'!$B$4 -> 0
C7: PAINEL COMUM | E7: =120 -> 120 | F7: =(D7/E7) -> 0
C8: PAINEL MF | E8: 500 | F8: =(D8/E8) -> 0 | I8: ITEM | J8: Qtd | K8: Qtd/m3 | L8: Vol (m3) | T8: =T5/12 -> 0
C9: CONJUNTO GANCHO | E9: 820 | F9: =(D9/E9) -> 0 | H9: CHECKOUTS | I9: CHECK OUT 2000 | K9: 0.52549889 | L9: =J9/K9 -> 0
C10: PRATELEIRAS 200MM | E10: 120 | F10: =(D10/E10) -> 0 | I10: CHECK OUT 2400 | K10: 0.46711013 | L10: =J10/K10 -> 0
C11: PRATELEIRAS 500MM | E11: 70 | F11: =(D11/E11) -> 0 | I11: CHECK OUT 2800 | K11: 0.40872136 | L11: =J11/K11 -> 0
C12: PRATELEIRAS 800MM | E12: 35 | F12: =(D12/E12) -> 0 | I12: CHECK OUT 3200 | K12: 0.37076866 | L12: =J12/K12 -> 0
C13: PICKBOX GRANDE / CESTO | E13: 5 | F13: =(D13/E13) -> 0 | I13: CHECK OUT 3600 | K13: 0.32989653 | L13: =J13/K13 -> 0
C14: PODIUM | E14: 8 | F14: =(D14/E14) -> 0 | I14: CHECK OUT 4200 | K14: 0.29194383 | L14: =J14/K14 -> 0
C15: PORTA ETIQUETAS COMPRIDOS | E15: 1400 | F15: =(D15/E15) -> 0 | I15: SELF CHECK OUTS | K15: 0.25 | L15: =(J15/K15) -> 0
C16: REGUA | E16: 220 | F16: =(D16/E16) -> 0 | I16: OUTROS
C17: OUTROS | I17: TOTAL | L17: =L9+L10+L11+L12+L13+L14+L15+L16 -> 0
C18: TOTAL | F18: =SUM(F3:F17) -> 0 | I18: TOTAL AJUSTADO | L18: =L17*'Fatores de Ajuste'!$B$5 -> 0
C19: TOTAL AJUSTADO | F19: =F18*'Fatores de Ajuste'!$B$2 -> 0
C21: ITEM | D21: Qtd | E21: Qtd/m3 | F21: Vol (m3) | I21: ITEM | J21: Qtd | K21: Qtd/m3 | L21: Vol (m3) | N21: MONT/DESM.
B22: MOBILIAS | C22: CHECKSTAND 500X1715X1250 | E22: 0.42 | F22: =D22/E22 -> 0 | H22: PORTA PALLETS | I22: LONGARINAS | K22: 23 | L22: =(J22/K22) -> 0 | N22: MONTADOS
C23: CHECKSTAND 500X1280X1150 | E23: 1 | F23: =D23/E23 -> 0 | I23: LUMINÁRIAS | K23: 150 | L23: =(J23/K23) -> 0
C24: PRATELEIRA 250x500x100 | E24: 70 | F24: =D24/E24 -> 0 | I24: MONTANTE 1M | K24: =6.73*VLOOKUP($N$22,'Fatores de Ajuste'!$A$8:$B$9,2,0) -> 6.73 | L24: =(J24/K24) -> 0
C25: TABLADO 1000X1200 | E25: 3 | F25: =D25/E25 -> 0 | I25: MONTANTE 2M | K25: =3.46*VLOOKUP($N$22,'Fatores de Ajuste'!$A$8:$B$9,2,0) -> 3.46 | L25: =(J25/K25) -> 0
C26: OUTROS | I26: MONTANTE 3M | K26: =2.39*VLOOKUP($N$22,'Fatores de Ajuste'!$A$8:$B$9,2,0) -> 2.39 | L26: =(J26/K26) -> 0
C27: TOTAL | F27: =F22+F23+F25+F26+F24 -> 0 | I27: MONTANTE 4M | K27: =1.77*VLOOKUP($N$22,'Fatores de Ajuste'!$A$8:$B$9,2,0) -> 1.77 | L27: =(J27/K27) -> 0
C28: TOTAL AJUSTADO | F28: =F27*'Fatores de Ajuste'!$B$3 -> 0 | I28: MONTANTE 6M | K28: =1.19*VLOOKUP($N$22,'Fatores de Ajuste'!$A$8:$B$9,2,0) -> 1.19 | L28: =(J28/K28) -> 0
I29: MONTANTE 8M | K29: =0.9*VLOOKUP($N$22,'Fatores de Ajuste'!$A$8:$B$9,2,0) -> 0.9 | L29: =(J29/K29) -> 0
I30: MONTANTE 9M | K30: =0.81*VLOOKUP($N$22,'Fatores de Ajuste'!$A$8:$B$9,2,0) -> 0.81 | L30: =(J30/K30) -> 0
I31: MONTANTE 10M | K31: =0.72*VLOOKUP($N$22,'Fatores de Ajuste'!$A$8:$B$9,2,0) -> 0.72 | L31: =(J31/K31) -> 0
I32: MONTANTE 12M | K32: =0.6*VLOOKUP($N$22,'Fatores de Ajuste'!$A$8:$B$9,2,0) -> 0.6 | L32: =(J32/K32) -> 0
I33: PAINEL RI | K33: 50 | L33: =(J33/K33) -> 0
I34: PRATELEIRAS DD | K34: 300 | L34: =(J34/K34) -> 0
I35: PRATELEIRA MDF | K35: 33 | L35: =(J35/K35) -> 0
I36: PROTETOR DE COLUNA | K36: 80 | L36: =(J36/K36) -> 0
I37: OUTROS
I38: TOTAL | L38: =SUM(L22:L37) -> 0
I39: TOTAL AJUSTADO | L39: =L38*'[1]Fatores de Ajuste'!$B$6 -> 0

Sheet Fatores de Ajuste
A1: Fatores de Reajuste das Peças
A2: LSG | B2: 1.4
A3: MOBÍLIAS | B3: 1.2
A4: RACK SLIM | B4: 1.2
A5: CHECKOUTS | B5: 1
A7: Lista de Montantes
A8: MONTADOS | B8: 1
A9: DESMONTADOS | B9: 4

Sheet Validações
B1: 5307224-3 | C1: MÊS | D1: 180m3 | E1: 1.4 | H1: 5109124-5 | I1: MÊS | J1: 130M3 | K1: 120 | N1: 12207924-3 | O1: MÊS | P1: 113M2 | Q1: 140
C2: ITEM | D2: Qtd | E2: Qtd/m3 | F2: Vol (m3) | I2: ITEM | J2: Qtd | K2: Qtd/m3 | L2: Vol (m3) | O2: ITEM | P2: Qtd | Q2: Qtd/m3 | R2: Vol (m3)
C3: APARADOR ACRÍLICO | D3: 1507 | E3: 1092 | F3: =(D3/E3) -> 1.3800366 | I3: APARADOR ACRÍLICO | J3: 945 | K3: 1092 | L3: =(J3/K3) -> 0.86538462 | O3: APARADOR ACRÍLICO | Q3: 1092 | R3: =(P3/Q3) -> 0
C4: BASE | D4: 657 | E4: 124 | F4: =(D4/E4) -> 5.2983871 | I4: BASE | J4: 196 | K4: 124 | L4: =(J4/K4) -> 1.5806452 | O4: BASE | P4: 461 | Q4: 124 | R4: =(P4/Q4) -> 3.7177419
C5: COLUNA | D5: 615 | E5: 700 | F5: =(D5/E5) -> 0.87857143 | I5: COLUNA | J5: 392 | K5: 700 | L5: =(J5/K5) -> 0.56 | O5: COLUNA | P5: 394 | Q5: 700 | R5: =(P5/Q5) -> 0.56285714
C6: CONJUNTO FUNDO | E6: =120/5 -> 24 | F6: =(D6/E6) -> 0 | I6: CONJUNTO FUNDO | K6: =120/5 -> 24 | L6: =(J6/K6) -> 0 | O6: CONJUNTO FUNDO | Q6: =120/5 -> 24 | R6: =(P6/Q6) -> 0
C7: PAINEL COMUM | D7: 1022 | E7: =120 -> 120 | F7: =(D7/E7) -> 8.5166667 | I7: PAINEL COMUM | J7: 2010 | K7: =120 -> 120 | L7: =(J7/K7) -> 16.75 | O7: PAINEL COMUM | P7: 2083 | Q7: =120 -> 120 | R7: =(P7/Q7) -> 17.358333
C8: PAINEL MF | D8: 1850 | I8: PAINEL MF | K8: 500 | L8: =(J8/K8) -> 0 | O8: PAINEL MF | Q8: 500 | R8: =(P8/Q8) -> 0
C9: CONJUNTO GANCHO | D9: 4937 | E9: 820 | F9: =(D9/E9) -> 6.0207317 | I9: CONJUNTO GANCHO | J9: 2312 | K9: 820 | L9: =(J9/K9) -> 2.8195122 | O9: CONJUNTO GANCHO | P9: 1432 | Q9: 820 | R9: =(P9/Q9) -> 1.7463415
B10: GÔNDOLAS | C10: PRATELEIRAS 200MM | D10: 947 | E10: 120 | F10: =(D10/E10) -> 7.8916667 | H10: GÔNDOLAS | I10: PRATELEIRAS 200MM | J10: 6755 | K10: 120 | L10: =(J10/K10) -> 56.291667 | N10: GÔNDOLAS | O10: PRATELEIRAS 200MM | P10: 1117 | Q10: 120 | R10: =(P10/Q10) -> 9.3083333
C11: PRATELEIRAS 400MM | D11: 4519 | E11: 70 | F11: =(D11/E11) -> 64.557143 | I11: PRATELEIRAS 400MM | J11: 2802 | K11: 70 | L11: =(J11/K11) -> 40.028571 | O11: PRATELEIRAS 400MM | P11: 2913 | Q11: 70 | R11: =(P11/Q11) -> 41.614286
C12: PICKBOX GRANDE | D12: 35 | E12: 10 | F12: =(D12/E12) -> 3.5 | I12: PICKBOX GRANDE | J12: 78 | K12: 5 | L12: =(J12/K12) -> 15.6 | O12: PICKBOX GRANDE | P12: 25 | Q12: 5 | R12: =(P12/Q12) -> 5
C13: PODIUM | D13: 54 | E13: 8 | F13: =(D13/E13) -> 6.75 | I13: PODIUM | K13: 8 | L13: =(J13/K13) -> 0 | O13: PODIUM | P13: 44 | Q13: 8 | R13: =(P13/Q13) -> 5.5
C14: PORTA ETIQUETAS COMPRIDOS | D14: 4427 | E14: 1400 | F14: =(D14/E14) -> 3.1621429 | I14: PORTA ETIQUETAS COMPRIDOS | J14: 3576 | K14: 1400 | L14: =(J14/K14) -> 2.5542857 | O14: PORTA ETIQUETAS COMPRIDOS | P14: 2744 | Q14: 1400 | R14: =(P14/Q14) -> 1.96
C15: REGUA | D15: 447 | E15: 220 | F15: =(D15/E15) -> 2.0318182 | I15: REGUA | J15: 246 | K15: 220 | L15: =(J15/K15) -> 1.1181818 | O15: REGUA | P15: 100 | Q15: 220 | R15: =(P15/Q15) -> 0.45454545
C16: OUTROS | I16: OUTROS | O16: OUTROS
C17: TOTAL | F17: =SUM(F3:F16) -> 109.98716 | I17: TOTAL | L17: =SUM(L3:L16) -> 138.16825 | O17: TOTAL | R17: =SUM(R3:R16) -> 87.222438
C18: TOTAL AJUSTADO | F18: =F17*'Fatores de Ajuste'!$B$2 -> 153.98203 | I18: TOTAL AJUSTADO | L18: =L17*'Fatores de Ajuste'!$B$2 -> 193.43555 | O18: TOTAL AJUSTADO | R18: =R17*'Fatores de Ajuste'!$B$2 -> 122.11141
B20: MOBILIAS | C20: CHECKSTAND 500X1715X1250 | E20: 0.42 | F20: =D20/E20 -> 0 | N20: MOBILIAS | O20: CHECKSTAND 500X1715X1250 | Q20: 0.42 | R20: =P20/Q20 -> 0
C21: CHECKSTAND 500X750X1250 | D21: 16 | E21: 1 | F21: =D21/E21 -> 16 | O21: CHECKSTAND 500X1715X1150 | P21: 12 | Q21: 1 | R21: =P21/Q21 -> 12
C22: OUTROS | O22: OUTROS
C23: TOTAL | F23: =F20+F21+F22 -> 16 | O23: TOTAL | R23: =R20+R21+R22 -> 12
C24: TOTAL AJUSTADO | F24: =F23*'Fatores de Ajuste'!B3 -> 19.2 | O24: TOTAL AJUSTADO | R24: =R23*'Fatores de Ajuste'!N3 -> 0
N26: RACK SLIM | O26: MONTANTE RACK SLIM | P26: 46 | Q26: 10 | R26: =P26/Q26 -> 4.6
O27: OUTROS
O28: TOTAL | R28: =R26+R27 -> 4.6
O29: TOTAL AJUSTADO | R29: =R28*'Fatores de Ajuste'!N4 -> 0
